John Brunner	author	The Infinitive of Go
Ringo Starr	birthPlace	Liverpool
Than Shwe	office	Belgium
Godzilla (1998 film)	starring	Jean Reno
Jim Henson	deathPlace	New York City
Shirin Ebadi	award	Nobel Peace Prize
Heike Kamerlingh Onnes	award	Nobel Prize in Literature
Carlos Boozer	team	New Orleans Hornets
Philip K. Dick	author	Sirius
Camp Rock	starring	Meaghan Jette Martin
Mean Girls	starring	Amanda Seyfried
Charles Édouard Guillaume	award	Nobel Prize in Physics
Charles Maurice de Talleyrand-Périgord	office	France
Nelly Sachs	award	Nobel Prize in Literature
Susannah Harker	spouse	Christel Khalil
Ghostbusters II	starring	Robert Prosky
Navigon	foundationPlace	Colorado Springs
Jerry Pournelle	author	1634: The Ram Rebellion
Ivo Andrić	award	Nobel Prize in Literature
Lleyton Hewitt	birthPlace	Adelaide
Stardock	foundationPlace	Livonia
Paul Biya	office	Cameroon
Hendrik Lorentz	award	Nobel Prize in Physics
Backbone Entertainment	foundationPlace	Vancouver
The Right Stuff (film)	starring	Corbin Bleu
Warren G. Harding	deathPlace	San Francisco
Ben Gordon	team	Philadelphia 76ers
Laisenia Qarase	office	Yemen
George Minot	award	Nobel Prize in Physics
Abdul Qadir Bajamal	office	Lithuania
The Aristocats	starring	Dean Clark (actor)
Benjamin Franklin	deathPlace	Philadelphia
Barry B. Longyear	author	Sea of Glass
Kaspersky Lab	foundationPlace	Moscow
Austin Powers: The Spy Who Shagged Me	starring	Heather Graham
Bill Ransom	author	Broken Angels
Rogue Wave Software	foundationPlace	Melbourne
Douglas Adams	deathPlace	Santa Barbara, California
S3 Group	foundationPlace	Dublin
Gerald Wallace	team	San Antonio Spurs
Raymond Poincaré	office	Japan
Zauber S.A.	foundationPlace	Buenos Aires
Camp Rock	starring	Jasmine Richards
Pablo Neruda	award	Nobel Prize in Literature
Tyson Chandler	team	Dallas Mavericks
Dayton Ward	author	Summon the Thunder
Brian McFadden	spouse	Kelly McGillis
J. G. Ballard	author	Castle Roogna
2012 (film)	starring	Gary Dubin
2012 (film)	starring	Chiwetel Ejiofor
Gregory Benford	author	A Deepness in the Sky
Ian Stewart	author	The Infinitive of Go
Kevin Garnett	team	Toronto Raptors
Oscar Wilde	birthPlace	Dublin
Penn Central Transportation Company	subsidiary	New York, New Haven and Hartford Railroad
Frédéric Passy	award	Nobel Prize in Literature
Russell Hoban	author	Amnesia Moon
Andrew Jackson	deathPlace	Nashville, Tennessee
Paul Simon	birthPlace	Newark, New Jersey
Frank Sinatra	birthPlace	Hoboken, New Jersey
William Henry Bragg	award	Nobel Prize in Physics
OpenLink Software	foundationPlace	England
Gerald Wallace	team	Sacramento Kings
Camp Rock	starring	Anthony Michael Hall
John Adams	deathPlace	Mississauga
Francisco Franco	office	Finland
Keizō Obuchi	office	Netherlands
Humphrey Bogart	deathPlace	San Francisco
M. G. Ramachandran	deathPlace	Chennai
Ahmed Zewail	award	Nobel Prize in Chemistry
Walt Whitman	deathPlace	Lancaster, Pennsylvania
Superbad (film)	starring	Michael Cera
Krstarica	foundationPlace	Menlo Park
Julius Axelrod	award	Nobel Prize in Literature
Temenos Group	foundationPlace	Kettering
Last Action Hero	starring	Arnold Schwarzenegger
Mary Doria Russell	author	The Sparrow
Danger	foundationPlace	Palo Alto
Johnny Cash	birthPlace	Kingsland, Arkansas
Samantha Stosur	birthPlace	Brisbane
Scarlett Johansson	spouse	Ryan Reynolds
Beck	birthPlace	Königsberg
Saul Williams	spouse	Preity Zinta
Om Shanti Om	starring	Michael Cera
Hiroko Hatano	spouse	Michael Welch
John Lennon	deathPlace	Los Angeles
Tony Rothman	author	Darwin's Radio
Heike Kamerlingh Onnes	award	Nobel Prize in Physics
G Data	foundationPlace	Bochum
Eugenio Montale	award	Nobel Prize in Literature
A Hard Day's Night (film)	starring	Liz English
The Right Stuff (film)	starring	Jane Dornacker
Maria das Neves	office	France
Codemasters	foundationPlace	Moscow
Carlos Delfino	team	Charlotte Bobcats
James Franck	award	Nobel Prize in Literature
Shaquille O'Neal	birthPlace	Norfolk, Virginia
Andrew Huxley	award	Nobel Prize in Physiology or Medicine
Svante Arrhenius	award	Nobel Prize in Literature
Kwame Brown	team	Charlotte Bobcats
Chris Kaman	team	New Orleans Hornets
Joaquim Rafael Branco	office	Finland
Bob Dylan	birthPlace	Houston
J. M. Coetzee	award	Nobel Prize in Physics
Samuel R. Delany	author	Nova
Ed Wood (film)	starring	Bill Murray
Pervasive Software	foundationPlace	Texas
Thomas Mann	award	Nobel Prize in Physics
Zach Randolph	team	Los Angeles Clippers
Rihanna	spouse	Chris Brown
Billy Preston	deathPlace	Scottsdale, Arizona
Steven Barnes	author	Beowulf's Children
Art Technology Group	foundationPlace	Cambridge, Massachusetts
Amazon.com	subsidiary	Alexa Internet
Intuit Inc.	foundationPlace	Mountain View
Ferdinand von Mueller	deathPlace	Melbourne
Joaquim Rafael Branco	office	São Tomé and Príncipe
The Right Stuff (film)	starring	Fred Ward
David Lee (basketball)	team	Memphis Grizzlies
Mindscape Group	foundationPlace	Bristol
Lina Romay	spouse	Milind Soman
Anneli Jäätteenmäki	office	Canada
Leonid Kuchma	office	Ukraine
Fujitsu	foundationPlace	Seattle
Vladimir Putin	office	Russia
Harold Urey	award	Nobel Prize in Literature
Camp Rock	starring	Charles Dance
Six Apart	foundationPlace	Provo
Eisaku Satō	office	Japan
Laurent Fabius	office	France
A. E. van Vogt	author	The World of Null-A
Kwame Brown	team	Washington Wizards
Carmine Giovinazzo	spouse	Vanessa Marcil
Ron Paul	birthPlace	Pittsburgh
Asa Gray	deathPlace	Santa Monica, California
Ron Paul	birthPlace	Boston
Kwame Brown	team	Memphis Grizzlies
Menachem Begin	office	Iraq
Macecraft Software	foundationPlace	Helsinki
Alastair Reynolds	author	The Glass Bead Game
Nils Gustaf Dalén	award	Nobel Prize in Literature
Eyvind Johnson	award	Nobel Prize in Literature
Waylon Jennings	deathPlace	Oxford
Anders Fogh Rasmussen	office	Bulgaria
Eric Flint	author	Dragonsblood
Hyperion Entertainment	foundationPlace	Norway
Craig Conway	spouse	Jill Halfpenny
IntelliCorp	foundationPlace	Menlo Park
Paul Haarhuis	birthPlace	Eindhoven
Verizon Communications	subsidiary	NYNEX
Dan Brown	author	Digital Fortress
Shaquille O'Neal	birthPlace	Newark, New Jersey
Dan Simmons	author	The Fall of Hyperion
Ricky Groves	spouse	Hannah Waterman
Hussein Onn	office	Malaysia
Robert Hofstadter	award	Nobel Prize in Literature
International Atomic Energy Agency	award	Nobel Prize in Literature
Anneli Jäätteenmäki	office	Belgium
Andrew Schally	award	Nobel Prize in Physiology or Medicine
Pedro Pires	office	Norway
Saddam Hussein	deathPlace	New York City
Saddam Hussein	deathPlace	Baghdad
Dean Martin	birthPlace	Steubenville, Ohio
Charles Stross	author	Encounter with Tiber
The Right Stuff (film)	starring	Chiwetel Ejiofor
Kevin Federline	spouse	Britney Spears
Guy Verhofstadt	office	Belgium
Frank Zappa	birthPlace	Brooklyn
Ella Fitzgerald	deathPlace	Beverly Hills, California
Stephen Dunham	spouse	Avril Lavigne
Glenn Ong	spouse	Jamie Yeo
Nas	birthPlace	New York City
Paul-Henri Spaak	office	Belgium
Softdisk	foundationPlace	Shreveport
Brian McFadden	spouse	Delta Goodrem
Knut Hamsun	award	Nobel Prize in Literature
Tanith Lee	author	Dreams of Dark and Light: The Great Short Fiction of Tanith Lee
Arthur C. Clarke	deathPlace	Colombo
Rudolf Christoph Eucken	award	Nobel Prize in Literature
William McKinley	deathPlace	Los Angeles
Orson Scott Card	author	Macrolife
Doris Lessing	award	Nobel Prize in Literature
Ai Sugiyama	birthPlace	Banja Luka
Tori Spelling	spouse	Eva Longoria
SNP Schneider-Neureither & Partner AG	foundationPlace	Ottawa
Ai Sugiyama	birthPlace	Yokohama
Christina Milian	spouse	Russell Brand
Burt Lancaster	deathPlace	Rawalpindi
Ayn Rand	author	Anthem
Google	foundationPlace	Brno
Kelly Clarkson	birthPlace	Fort Worth, Texas
Elfriede Jelinek	award	Nobel Prize in Literature
Michail Aleksandrovich Sholokhov	award	Nobel Prize in Physics
Piers Anthony	author	Battlefield Earth
Richard Jefferson	team	Golden State Warriors
Al Jefferson	team	Memphis Grizzlies
Steve Blake	team	Philadelphia 76ers
Ascend Communications	subsidiary	Ascend Communications
Salvatore Quasimodo	award	Nobel Prize in Literature
Ella Fitzgerald	birthPlace	Newport News, Virginia
Jesse James	spouse	Sandra Bullock
Eliot Kennedy	spouse	Natalie Mendoza
Erik Axel Karlfeldt	award	Nobel Prize in Physics
Ed Wood (film)	starring	Michael Lerner (actor)
Constantine Samuel Rafinesque	deathPlace	Philadelphia
J. R. Smith	team	Denver Nuggets
ESRI	foundationPlace	Redlands
A Hard Day's Night (film)	starring	Lisa Spoonhauer
Camp Rock	starring	Morgan Freeman
Angoss	foundationPlace	Ontario
Rogue Wave Software	foundationPlace	Salt Lake City
The Right Stuff (film)	starring	Kim Stanley
The Right Stuff (film)	starring	Veronica Cartwright
Monta Ellis	team	Denver Nuggets
Kishore Kumar	deathPlace	Mumbai
Gentry Lee	author	Meeting in Infinity
Kwame Brown	team	Minnesota Timberwolves
Arthur Wellesley, 1st Duke of Wellington	birthPlace	Minneapolis
Johannes Vilhelm Jensen	award	Nobel Prize in Literature
Jude Law	spouse	Sienna Miller
Andrei Kirilenko	team	Minnesota Timberwolves
Hubert Humphrey	deathPlace	Setagaya, Tokyo
Helmi Technologies	foundationPlace	Menlo Park
James Stewart	deathPlace	Englewood, New Jersey
Robert Andrews Millikan	award	Nobel Prize in Literature
Tony Parker	spouse	Eva Longoria
Leon Lai	spouse	Gaile Lok
Christina Milian	spouse	The-Dream
Epic Systems	foundationPlace	Madison
William S. Burroughs	deathPlace	Dayton, Tennessee
Cara Black	birthPlace	Detroit
Douglas Adams	deathPlace	Nashville, Tennessee
Roger MacBride Allen	author	Beowulf's Children
Habib Bourguiba	office	Kingdom of Tunisia
eBay	subsidiary	StumbleUpon
Derek Fisher	team	Charlotte Bobcats
Tony Rothman	author	Flare
Nazr Mohammed	team	New Orleans Hornets
2012 (film)	starring	Shreyas Talpade
Dom Mintoff	office	Malta
Max Mirnyi	birthPlace	Grand Rapids, Minnesota
Kenzaburō Ōe	award	Nobel Prize in Physics
Piers Anthony	author	Time's Eye
Austin Powers: The Spy Who Shagged Me	starring	Johnny Depp
Mad Max	starring	Joanne Samuel
Sammy Davis, Jr.	deathPlace	Los Angeles
Paul Haarhuis	birthPlace	Hope, Arkansas
Karel Čapek	author	The Absolute at Large
Diether Ocampo	spouse	The-Dream
Clerks	starring	Lisa Spoonhauer
Karl Adolph Gjellerup	award	Nobel Prize in Physics
Jack White	spouse	Lisa Faulkner
Max Mirnyi	birthPlace	Minsk
A Hard Day's Night (film)	starring	John Lennon
Jean Chrétien	office	Cameroon
Felipe González	office	Spain
Yoshirō Mori	office	Japan
Frédéric Mistral	award	Nobel Prize in Literature
Gerald Ford	birthPlace	Omaha, Nebraska
Siemens	subsidiary	Quigo
Love Actually	starring	Kirron Kher
Laura Wade	spouse	Ryan Reynolds
Apple Inc.	foundationPlace	California
Barend Biesheuvel	office	Tanganyika
Edward Scissorhands	starring	Annie Potts
H. P. Lovecraft	birthPlace	Atlanta
Walter Scott	birthPlace	Edinburgh
Kurt Cobain	deathPlace	New York City
Robert Mitchum	deathPlace	Chennai
Albert Abraham Michelson	award	Nobel Prize in Literature
Harry S. Truman	birthPlace	Lamar, Missouri
Ivan Ljubičić	birthPlace	Banja Luka
Woody Guthrie	deathPlace	New York City
Ringo Starr	birthPlace	Brisbane
Aleksandr Solzhenitsyn	award	Nobel Prize in Literature
Zulfikar Ali Bhutto	deathPlace	Rawalpindi
Hewlett-Packard	subsidiary	Siebel Systems
Raymond Felton	team	Detroit Pistons
G Data	foundationPlace	Sunnyvale
Carlos Delfino	team	Miami Heat
Shaun Livingston	team	Philadelphia 76ers
AOL	subsidiary	Quigo
Svante Arrhenius	award	Nobel Prize in Literature
Charles Mingus	deathPlace	Springfield, Missouri
Eugene O'Neill	deathPlace	Nashville, Tennessee
Nicholas Tse	spouse	Cecilia Cheung
Love Actually	starring	Keira Knightley
Aarón Díaz	spouse	Jason Biggs
Camp Rock	starring	Austin O'Brien
Karl von Frisch	award	Nobel Peace Prize
Charles Stross	author	The Clan Corporate
Clerks	starring	Norman Rossington
Steve Blake	team	Detroit Pistons
Poppy Montgomery	spouse	Adam Kaufman
Nils Gustaf Dalén	award	Nobel Prize in Literature
George Carlin	deathPlace	Memphis, Tennessee
Robin Williams	birthPlace	Fort Lauderdale, Florida
Catherine Crook de Camp	author	Schismatrix
Redxpress	foundationPlace	California
Natasha Zvereva	birthPlace	Minsk
Clifford D. Simak	author	Way Station
Guy Verhofstadt	office	Greece
Andrew Bynum	team	Portland Trail Blazers
Buzz Aldrin	author	Encounter with Tiber
Richard Jefferson	team	Memphis Grizzlies
Manuel Azaña	office	Egypt
Intuit Canada	foundationPlace	Mogilev
Ed Wood (film)	starring	Johnny Depp
Kill Bill	starring	Sam Shepard
Wole Soyinka	award	Nobel Prize in Literature
Edward Scissorhands	starring	Rowan Atkinson
Eugene Byrne	author	Back in the USSA
Seamus Heaney	award	Nobel Prize in Literature
John Sparrow David Thompson	office	Bahamas
Erik Axel Karlfeldt	award	Nobel Prize in Physiology or Medicine
High School Musical 2	starring	Julie Dreyfus
Clerks	starring	Jeff Anderson
Anton Rop	office	France
Last Action Hero	starring	Jean Reno
Jacques Chirac	office	Japan
Enrico Fermi	award	Nobel Prize in Physics
Iain Banks	author	I Will Fear No Evil
Abdul Razak Hussein	office	United Kingdom
Zöe Salmon	spouse	Ezel Akay
Tayshaun Prince	team	Detroit Pistons
QlikTech	foundationPlace	Texas
Dries van Agt	office	Netherlands
J. J. Redick	team	Golden State Warriors
Julius Axelrod	award	Nobel Prize in Literature
Woodrow Wilson	birthPlace	Adelaide
Ghostbusters II	starring	Michael Madsen
Piet de Jong	office	United Kingdom
Saul Williams	spouse	Charlene Choi
Oscar Peterson	deathPlace	Mississauga
Carmelo Anthony	team	Denver Nuggets
Mean Girls	starring	Rachel McAdams
C. S. Lewis	deathPlace	Oxford
Oracle Corporation	foundationPlace	Canonsburg
MontaVista	foundationPlace	Sunnyvale
Matti Vanhanen	office	Finland
Mike Bryan	birthPlace	Camarillo, California
Rasheed Wallace	team	Denver Nuggets
Mike Dunleavy, Jr.	team	Portland Trail Blazers
Jamal Crawford	team	Denver Nuggets
H. G. Wells	author	The Bladerunner
Shaun Livingston	team	Minnesota Timberwolves
Gerald Green	team	Orlando Magic
Ella Fitzgerald	birthPlace	Gary, Indiana
Billie Holiday	deathPlace	New York City
Pamela Anderson	spouse	Kerr Smith
Silicon Graphics, Inc.	foundationPlace	California
Jay-Z	birthPlace	Braintree, Massachusetts
Jason Terry	team	Utah Jazz
Isaac Bashevis Singer	award	Nobel Prize in Physics
Oscar Peterson	deathPlace	Ottawa
Mark Eyskens	office	Czech Republic
Martell Webster	team	Portland Trail Blazers
Jemima Khan	spouse	James Franco
Shane Battier	team	Sacramento Kings
John C. Frémont	deathPlace	Los Angeles
Shaun Livingston	team	Houston Rockets
Mikuláš Dzurinda	office	Fiji
Erik Axel Karlfeldt	award	Nobel Prize in Literature
John Coltrane	birthPlace	Hamlet, North Carolina
Edward Heath	office	United Kingdom
Chris Bosh	team	Toronto Raptors
Dolly Parton	birthPlace	Sevierville, Tennessee
Citrix Systems	subsidiary	AppForge
Kelis	spouse	Nas
Jigme Thinley	office	Chad
Derek Fisher	team	Oklahoma City Thunder
Harold Urey	award	Nobel Prize in Chemistry
Mean Girls	starring	Lindsay Lohan
Zach Randolph	team	Portland Trail Blazers
Kobe Bryant	birthPlace	Philadelphia
Elton Brand	team	Philadelphia 76ers
Adobe Systems	foundationPlace	Mountain View
The Aristocats	starring	Heather Graham
Marvin Williams	team	Washington Wizards
John Diefenbaker	deathPlace	Philadelphia
Frank Lloyd Wright	birthPlace	Knoxville, Tennessee
Sully Prudhomme	award	Nobel Prize in Literature
Anders Fogh Rasmussen	office	São Tomé and Príncipe
Chandrika Kumaratunga	office	Sri Lanka
Ray Charles	deathPlace	Beverly Hills, California
Tupac Shakur	birthPlace	New York City
Dizzy Gillespie	deathPlace	Englewood, New Jersey
Odysseas Elytis	award	Nobel Prize in Literature
Kevin Garnett	team	Washington Wizards
Godzilla (1998 film)	starring	Arjun Rampal
Mitt Romney	birthPlace	Detroit
Predator (film)	starring	Kim Stanley
Neil Young	birthPlace	Kingsland, Arkansas
Gardner Dozois	author	Strangers
Godzilla (1998 film)	starring	Maria Pitillo
José Ramos-Horta	office	Japan
L. Sprague de Camp	deathPlace	Beverly Hills, California
Martina Navratilova	birthPlace	Edinburgh
Alan E. Nourse	author	The Absolute at Large
Siebel Systems	foundationPlace	Israel
Sybase	foundationPlace	Berkeley
Shaun Livingston	team	Washington Wizards
Orbital Sciences Corporation	subsidiary	Magellan Navigation
Richard Rodgers	deathPlace	Palm Desert, California
IFS AB	foundationPlace	Linköping
William Ewart Gladstone	birthPlace	Liverpool
Gregory Keyes	author	Make Room! Make Room!
Thomas Thurston Thomas	author	The Sparrow
Raymond Poincaré	office	France
Love Actually	starring	Dan Aykroyd
Wangari Maathai	award	Nobel Peace Prize
K. W. Jeter	author	Beggars in Spain
Rasheed Wallace	team	Toronto Raptors
Kwame Nkrumah	office	Ghana
Harry Martinson	award	Nobel Peace Prize
Steve Blake	team	Los Angeles Clippers
Aretha Franklin	birthPlace	Kingston, Ontario
The Aristocats	starring	Amanda Seyfried
Hyperion Entertainment	foundationPlace	Cupertino
Kenyon Martin	team	Denver Nuggets
Naguib Mahfouz	award	Nobel Prize in Literature
Albert Einstein	award	Nobel Prize in Literature
Tomiichi Murayama	office	Japan
NBCUniversal	subsidiary	iVillage
Dave Wolverton	author	The Courtship of Princess Leia
Compaq	subsidiary	Digital Equipment Corporation
Glenn Ong	spouse	Daniel Craig
Wim Kok	office	Netherlands
Ryutaro Hashimoto	office	Finland
Richard Jefferson	team	New Jersey Nets
Junichiro Koizumi	office	Japan
Frederick the Great	deathPlace	Potsdam
Big Fish Games	foundationPlace	Buenos Aires
Katy Perry	spouse	Russell Brand
Nancy Kress	author	Beggars in Spain
Mike Miller (basketball player)	team	Golden State Warriors
Jerry Pournelle	author	Footfall
A Hard Day's Night (film)	starring	Ringo Starr
Superbad (film)	starring	Lindsay Lohan
SunGard	subsidiary	NYNEX
Fox Kids	subsidiary	ABC Family Worldwide Inc.
Kenzaburō Ōe	award	Nobel Prize in Physics
Financial Navigator	foundationPlace	Kawasaki
Ted Kennedy	birthPlace	Boston
Comverse Technology	foundationPlace	Israel
Samantha Stosur	birthPlace	Camarillo, California
AVG Technologies	foundationPlace	Brno
H. H. Asquith	office	United Kingdom
Kiichi Miyazawa	office	Kenya
Predator (film)	starring	Roshon Fegan
James Buchanan	deathPlace	Lancaster, Pennsylvania
Sybase	foundationPlace	Austin
Ed Wood (film)	starring	Bill Nighy
Katy Perry	birthPlace	Santa Barbara, California
Sonia Agarwal	spouse	Solange Knowles
Tom Cruise	birthPlace	Syracuse, New York
Robert A. Heinlein	author	I Will Fear No Evil
Jesse James	spouse	Darius McCrary
Kevin Garnett	team	Dallas Mavericks
Laura Wade	spouse	Samuel West
Karl Manne Georg Siegbahn	award	Nobel Prize in Physics
MetaComCo	foundationPlace	Bristol
Ray Allen	team	Cleveland Cavaliers
Lady Gaga	birthPlace	Fort Worth, Texas
Than Shwe	office	Burma
George Bernard Shaw	birthPlace	Camarillo, California
Douglas Adams	author	The Hitchhiker's Guide to the Galaxy
Thomas Thurston Thomas	author	Flare
Critical Software	foundationPlace	Coimbra
Mike Bryan	birthPlace	Saginaw, Michigan
Timbaland	birthPlace	Norfolk, Virginia
Leon Lai	spouse	Prashanth
IBM	subsidiary	Rational Software
Gamal Abdel Nasser	deathPlace	Cairo
Ivan Ljubičić	birthPlace	Steubenville, Ohio
Neal Stephenson	author	The Hitchhiker's Guide to the Galaxy
Jason Maxiell	team	Detroit Pistons
Todd Woodbridge	birthPlace	Memphis, Tennessee
Ansys	foundationPlace	Canonsburg
Metta World Peace	team	Detroit Pistons
Martti Miettunen	office	Finland
Eugene O'Neill	award	Nobel Prize in Literature
David Brin	author	Anthem
Ray Bradbury	author	1635: The Cannon Law
Oracle Corporation	subsidiary	New York, New Haven and Hartford Railroad
Dell	foundationPlace	Austin
Andy Williams	deathPlace	Branson, Missouri
Şebnem Dönmez	spouse	Ezel Akay
John Abbott	office	Canada
Gerald W. Page	author	Nameless Places
Jomo Kenyatta	office	Japan
High School Musical 2	starring	Monique Coleman
Siebel Systems	foundationPlace	Burlington
Robert Borden	office	Canada
Tunku Abdul Rahman	office	France
John Turner	office	Canada
Gerald Wallace	team	Los Angeles Clippers
Michael Swanwick	author	Blade Runner 2: The Edge of Human
Om Shanti Om	starring	Kirron Kher
Ibrahim al-Jaafari	office	Iraq
Superbad (film)	starring	Bill Hader
François Jacob	award	Nobel Prize in Literature
Tennessee Williams	deathPlace	Melbourne
Shawn Marion	team	Toronto Raptors
High School Musical 2	starring	Liam Neeson
Mikuláš Dzurinda	office	Finland
David Baltimore	award	Nobel Prize in Literature
Willem Drees	office	Mauritius
Andrew Jackson	deathPlace	Cambridge
Love Actually	starring	Liam Neeson
Waylon Jennings	deathPlace	Chandler, Arizona
International Atomic Energy Agency	award	Nobel Prize in Literature
Cadence Design Systems	subsidiary	Acuson
Ghostbusters II	starring	Harold Ramis
Charles Édouard Guillaume	award	Nobel Prize in Literature
Sinclair Lewis	award	Nobel Peace Prize
Critical Software	foundationPlace	California
Austin Powers: The Spy Who Shagged Me	starring	Sarah Jessica Parker
IBM	subsidiary	IBM Informix
Mike Miller (basketball player)	team	Los Angeles Clippers
Last Action Hero	starring	Austin O'Brien
Gerald Wallace	team	Portland Trail Blazers
Shaun Livingston	team	Washington Wizards
Cary Grant	deathPlace	Davenport, Iowa
Gary Cooper	deathPlace	Waverly, Minnesota
Grameen Bank	award	Nobel Peace Prize
Financial Navigator	foundationPlace	Belfast
Isaac Hayes	deathPlace	Baghdad
Vladimír Špidla	office	Czech Republic
Sybase	subsidiary	Mozy
Thelonious Monk	deathPlace	Houston
Imre Kertész	award	Nobel Prize in Literature
Abdul Qadir Bajamal	office	Yemen
Mahmoud Abbas	office	Palestinian National Authority
Fujitsu	foundationPlace	Kawasaki
Shaun Livingston	team	San Antonio Spurs
Siebel Systems	foundationPlace	Palo Alto
Fred Astaire	deathPlace	Beverly Hills, California
Saul Williams	spouse	Paul McGann
MontaVista	foundationPlace	Montreal
Arthur Conan Doyle	birthPlace	Las Vegas
Derek Fisher	team	Memphis Grizzlies
Nazr Mohammed	team	Los Angeles Lakers
Anna Torv	spouse	Mark Valley
Steve Jobs	deathPlace	Dublin
Hermann Hesse	author	The Glass Bead Game
William III of England	birthPlace	The Hague
William S. Burroughs	author	Nova Express
Raymond Felton	team	Golden State Warriors
Johannes Stark	award	Nobel Prize in Literature
Om Shanti Om	starring	Arjun Rampal
Brittany Murphy	spouse	Simon Monjack
Benjamin Franklin	deathPlace	Beverly Hills, California
A Hard Day's Night (film)	starring	Martin Landau
Wilhelm Wien	award	Nobel Prize in Physics
Philip K. Dick	author	Nova
Rasheed Wallace	team	Detroit Pistons
Nazr Mohammed	team	San Antonio Spurs
Om Shanti Om	starring	Shreyas Talpade
Andre Agassi	birthPlace	Las Vegas
Yahoo!	subsidiary	Sleepycat Software
Applied Minds	foundationPlace	Glendale
The Aristocats	starring	Liz English
Charlie Sheen	spouse	Brooke Mueller
Jason Terry	team	New Jersey Nets
High School Musical 2	starring	Zac Efron
Robert Zubrin	author	First Landing
Beyoncé Knowles	birthPlace	Houston
C. S. Lewis	author	Sea of Glass
Dwight D. Eisenhower	birthPlace	Denison, Texas
Greg Bear	author	Darwin's Radio
Lynden Pindling	office	Bahamas
Dwight Howard	team	Los Angeles Lakers
John William Strutt	award	Nobel Prize in Literature
Stanley Kubrick	deathPlace	St Albans
Mad Max	starring	Steve Bisley
Stevie Wonder	birthPlace	Karviná
Alfred Bester	author	The Scar
Lester B. Pearson	deathPlace	Ottawa
2012 (film)	starring	John Cusack
John Norman	author	Footprints on Sand
Eric Idle	author	The Road to Mars
Novell	foundationPlace	Provo
ADC Telecommunications	subsidiary	Stratus Technologies
Guglielmo Marconi	award	Nobel Prize in Physics
Ed Wood (film)	starring	Vincent Price
Dialogic Corporation	foundationPlace	Montreal
Awem	foundationPlace	Mogilev
Stephen King	birthPlace	Belgrade
Peter Wentz	spouse	Ashlee Simpson-Wentz
Mahesh Bhupathi	birthPlace	Chennai
Alexis Valdés	spouse	Paulina Gálvez
Ahmed Zewail	award	Nobel Prize in Literature
Michael Jordan	birthPlace	Brooklyn
Benjamin Franklin	birthPlace	Boston
Calvin Coolidge	deathPlace	Northampton, Massachusetts
David Lee (basketball)	team	Denver Nuggets
Mary J. Blige	birthPlace	Liverpool
Steve Blake	team	Phoenix Suns
S3 Group	foundationPlace	Espoo
Alastair Reynolds	author	Pushing Ice
Johnny Carson	deathPlace	West Hollywood, California
Auguste Marie François Beernaert	office	Belgium
Poul Anderson	author	Way Station
Sage Group	foundationPlace	Newcastle upon Tyne
Frédéric Passy	award	Nobel Peace Prize
Keith Holyoake	office	New Zealand
Claude Simon	award	Nobel Prize in Literature
Marge Piercy	author	Fahrenheit 451
Ringo Starr	birthPlace	Dublin
Pegasus Software	foundationPlace	Kettering
Edward Scissorhands	starring	Vincent Price
Samantha Stosur	birthPlace	Akron, Ohio
John Ford	deathPlace	West Hollywood, California
Mad Max	starring	Geoff Parry
Kris Aquino	spouse	Marco Khan
Edwin Abbott Abbott	author	Norstrilia
Gerald Wallace	team	Houston Rockets
George Orwell	birthPlace	Motihari
Predator (film)	starring	Bill Duke
Orhan Pamuk	award	Nobel Prize in Physics
Gene Brewer	author	K-PAX
Lynden Pindling	office	Netherlands
Nancy Kress	author	He, She and It
Alexandre Millerand	office	Spain
Luke Ridnour	team	Minnesota Timberwolves
The Right Stuff (film)	starring	Dennis Quaid
Chris Coghill	spouse	Lisa Faulkner
Andrew Schally	award	Nobel Prize in Physics
Bryan Adams	birthPlace	Staten Island
A Hard Day's Night (film)	starring	Victor Spinetti
Gabriel Lippmann	award	Nobel Prize in Literature
Al Jefferson	team	Minnesota Timberwolves
Sammy Davis, Jr.	deathPlace	Cambridge, Massachusetts
Mike Dunleavy, Jr.	team	Golden State Warriors
Brian Wilson	birthPlace	Minsk
Benazir Bhutto	deathPlace	Rawalpindi
Blake Lively	spouse	Penn Dayton Badgley
TomorrowNow	foundationPlace	Bryan
Ness Wadia	spouse	Preity Zinta
Luis Scola	team	Phoenix Suns
2012 (film)	starring	Maria Pitillo
Anerood Jugnauth	office	Mauritius
Lester B. Pearson	deathPlace	Chennai
Mark Twain	author	The Left Hand of Darkness
NeXT	foundationPlace	Austin
Feodor Felix Konrad Lynen	award	Nobel Prize in Physiology or Medicine
Niels Henrik David Bohr	award	Nobel Prize in Physics
Godzilla (1998 film)	starring	Hank Azaria
Jo Cals	office	Iraq
Amir Johnson	team	Detroit Pistons
Adam Smith	deathPlace	Northampton, Massachusetts
Prince (musician)	birthPlace	Minneapolis
Hussein Onn	office	France
Rudyard Kipling	birthPlace	Denison, Texas
The Aristocats	starring	Keira Knightley
Adobe Systems	foundationPlace	California
Bill Clinton	birthPlace	Hope, Arkansas
Doris Lessing	award	Nobel Peace Prize
George Bernard Shaw	birthPlace	Liverpool
Jomo Kenyatta	office	Kingdom of Tunisia
John Adams	birthPlace	Braintree, Massachusetts
Charlie Parker	deathPlace	New York City
Oracle Corporation	foundationPlace	Kraków
Kill Bill	starring	Seth Green
Asa Gray	deathPlace	Cambridge, Massachusetts
Paul McCartney	birthPlace	Liverpool
Johannes Stark	award	Nobel Prize in Literature
Andrei Kirilenko	team	Golden State Warriors
Andrew Bynum	team	Philadelphia 76ers
Rebecca Budig	spouse	Bob Guiney
Taha al-Hashimi	office	Iraq
High School Musical 2	starring	Aaryn Doyle
Yoshirō Mori	office	Canada
The Right Stuff (film)	starring	Bill Duke
Saul Williams	spouse	William Duell
Laurent Fabius	office	Slovenia
Helena Suková	birthPlace	Prague
Tom Cruise	birthPlace	Barranquilla
David Lee (basketball)	team	New York Knicks
Cisco Systems, Inc.	subsidiary	Sentient Networks
Unify Corporation	foundationPlace	California
Spiceworks	foundationPlace	England
Henri Bergson	award	Nobel Prize in Literature
Camp Rock	starring	Anna Maria Perez de Taglé
Ed Wood (film)	starring	Dean Clark (actor)
John Sparrow David Thompson	office	Spain
Isaac Asimov	author	Digital Fortress
Mohammad Reza Pahlavi	deathPlace	Cairo
Attensity	foundationPlace	Salt Lake City
Jimmy Carter	award	Nobel Prize in Literature
J. G. Ballard	author	The Wind from Nowhere
Camp Rock	starring	Aaryn Doyle
Gary Cooper	deathPlace	Los Angeles
Heike Kamerlingh Onnes	award	Nobel Prize in Literature
Andy Roddick	birthPlace	Abbott, Texas
Shaun Livingston	team	Denver Nuggets
Google	foundationPlace	Menlo Park
Anne McCaffrey	author	Dragonsblood
Radek Štěpánek	birthPlace	Belgrade
Dave Wolverton	author	Across the Sea of Suns
Robbie Williams	birthPlace	Liverpool
Emmylou Harris	birthPlace	Hamlet, North Carolina
Tony Blair	birthPlace	New York City
Nazr Mohammed	team	Utah Jazz
Andrew Bynum	team	Los Angeles Clippers
Steve Blake	team	Minnesota Timberwolves
Karl Adolph Gjellerup	award	Nobel Prize in Literature
Johan Christian Fabricius	deathPlace	Rancho Mirage, California
Marc Anthony	spouse	Jennifer Lopez
Will.i.am	birthPlace	Los Angeles
Oracle Corporation	subsidiary	IBM Informix
Charles Thomson Rees Wilson	award	Nobel Prize in Literature
Shakira	birthPlace	Barranquilla
John C. Frémont	deathPlace	Santa Monica, California
Mean Girls	starring	Zac Efron
Temenos Group	foundationPlace	Princeton Junction
Camp Rock	starring	Roshon Fegan
Mylène Jampanoï	spouse	Milind Soman
Pat Frank	author	Alas, Babylon
Hyperion Entertainment	foundationPlace	Belgium
Sergei Sidorsky	office	Belarus
Daniel Nestor	birthPlace	Belgrade
Morihiro Hosokawa	office	Japan
Ascend Communications	subsidiary	Maxis
Stanley Kubrick	deathPlace	Los Angeles
Jean-Pierre Raffarin	office	France
Bill Ransom	author	The Jesus Incident
Tom Hanks	birthPlace	Concord, California
Richard Jefferson	team	Minnesota Timberwolves
Raymond Felton	team	Denver Nuggets
John Ford	deathPlace	Palm Desert, California
Carlos Delfino	team	Toronto Raptors
Danger	foundationPlace	Madison
Nemetschek	foundationPlace	Berkeley
Samuel Dalembert	team	Phoenix Suns
Robert Mitchum	deathPlace	Kiel
Calvin Coolidge	deathPlace	Edinburgh
Marge Piercy	author	He, She and It
Philip Wylie	author	When Worlds Collide
Seamus Heaney	award	Nobel Prize in Physics
Matti Vanhanen	office	Cape Colony
H. P. Lovecraft	birthPlace	Lamar, Missouri
Mohammad Reza Pahlavi	deathPlace	Los Angeles
Mike Miller (basketball player)	team	Memphis Grizzlies
Willie Nelson	birthPlace	Abbott, Texas
Edward Drinker Cope	deathPlace	Philadelphia
Ansys	foundationPlace	Livonia
Hank Williams	deathPlace	New York City
Jack White	spouse	Karen Elson
EMeta	foundationPlace	Minneapolis
Frédéric Passy	award	Nobel Prize in Literature
George Bernard Shaw	award	Nobel Prize in Literature
Kamal Haasan	birthPlace	New York City
Alexandre Millerand	office	France
Mikhail Kasyanov	office	Spain
Steve Nash	team	Phoenix Suns
Joseph John Thomson	award	Nobel Prize in Literature
Kill Bill	starring	Jane Dornacker
Ian R. MacLeod	author	Venus on the Half-Shell
Cary Grant	deathPlace	Cairo
Amar'e Stoudemire	team	Phoenix Suns
Mark Eyskens	office	Belgium
The Right Stuff (film)	starring	Geoff Parry
The Aristocats	starring	David Carradine
Otis Redding	deathPlace	Beverly Hills, California
Akira Kurosawa	deathPlace	Setagaya, Tokyo
Yahoo!	foundationPlace	Redlands
Elsa Pataky	spouse	Cris Alexander
Kanye West	birthPlace	Atlanta
Chauncey Billups	team	Los Angeles Clippers
Ginger Rogers	deathPlace	Cairo
Nazr Mohammed	team	Los Angeles Lakers
Symantec Corporation	foundationPlace	Sunnyvale
Rabindranath Tagore	award	Nobel Prize in Literature
Palm, Inc.	foundationPlace	Newcastle upon Tyne
Alec Douglas-Home	office	Japan
Octavio Paz	award	Nobel Prize in Literature
J. J. Redick	team	Orlando Magic
Jonathan Lethem	author	Amnesia Moon
Camilo José Cela	award	Nobel Prize in Literature
The Right Stuff (film)	starring	Sam Shepard
Kanye West	birthPlace	Chicago
Kwame Brown	team	Portland Trail Blazers
Olivia Newton-John	birthPlace	Winterset, Iowa
Bob Marley	deathPlace	Miami
Albert Abraham Michelson	award	Nobel Prize in Physics
International Atomic Energy Agency	award	Nobel Prize in Chemistry
Larry Niven	author	The World of Null-A
Grazia Deledda	award	Nobel Prize in Literature
Terry Pratchett	author	Pushing Ice
Leonid Kuchma	office	France
Frank Herbert	author	When Worlds Collide
Charlie Sheen	spouse	John Heard
Sonia Agarwal	spouse	Selvaraghavan
Terry Pratchett	author	Nova Express
Baburam Bhattarai	office	Denmark
Awem	foundationPlace	California
Condusiv Technologies	foundationPlace	New York City
Nelly Furtado	birthPlace	Omaha, Nebraska
Eric Flint	author	1635: The Cannon Law
Samuel Beckett	award	Nobel Prize in Literature
Ed Wood (film)	starring	Sarah Jessica Parker
Mean Girls	starring	Roddy Maude-Roxby
David Hume	deathPlace	Edinburgh
Monica Seles	birthPlace	Novi Sad
Amy Spanger	spouse	Vanessa Marcil
Joop den Uyl	office	Netherlands
Gerald Green	team	Dallas Mavericks
Carl Spitteler	award	Nobel Prize in Literature
Émile Loubet	office	Netherlands
George Carlin	deathPlace	Davenport, Iowa
John Major	office	United Kingdom
Harold Urey	award	Nobel Prize in Literature
Susannah Harker	spouse	Paul McGann
Bruce Sterling	author	Schismatrix
Frank Zappa	birthPlace	Philadelphia
Frederick the Great	deathPlace	The Hague
Bob Bryan	birthPlace	Camarillo, California
Andrew Huxley	award	Nobel Prize in Physics
Laisenia Qarase	office	Fiji
Monta Ellis	team	Toronto Raptors
Emeka Okafor	team	New Orleans Hornets
Kill Bill	starring	Julie Dreyfus
John Lennon	deathPlace	New York City
Apple Inc.	foundationPlace	San Francisco
Aretha Franklin	birthPlace	Memphis, Tennessee
Robert Charles Wilson	author	Blind Lake
Isaac Bashevis Singer	award	Nobel Prize in Physiology or Medicine
Michael F. Flynn	author	The Wind from Nowhere
Charles Thomson Rees Wilson	award	Nobel Prize in Physics
Derek Fisher	team	Utah Jazz
Christina Aguilera	birthPlace	Staten Island
Guglielmo Marconi	award	Nobel Prize in Chemistry
Dean Martin	birthPlace	Novi Sad
The Aristocats	starring	Meaghan Jette Martin
Shane Battier	team	Memphis Grizzlies
John Lennon	birthPlace	Newport News, Virginia
Siebel Systems	foundationPlace	Heidelberg
Charlie Sheen	spouse	Chris Brown
Hewlett-Packard	subsidiary	ABC Family Worldwide Inc.
Yahoo!	subsidiary	Right Media
Lucent	subsidiary	Ascend Communications
William McKinley	birthPlace	New York City
François Tombalbaye	office	Sri Lanka
Quentin Tarantino	birthPlace	Knoxville, Tennessee
Saint-John Perse	award	Nobel Prize in Literature
Usher (entertainer)	birthPlace	Newark, New Jersey
Philip José Farmer	author	Dreams of Dark and Light: The Great Short Fiction of Tanith Lee
Éamon de Valera	deathPlace	Dublin
K. W. Jeter	author	Blade Runner 2: The Edge of Human
Kyle Korver	team	New York Knicks
John Lucas III	team	Houston Rockets
Thomas Jefferson	deathPlace	Charlottesville, Virginia
Lady Gaga	birthPlace	New York City
L. Ron Hubbard	author	Battlefield Earth
Yahoo!	subsidiary	Sentient Networks
Johnny Carson	deathPlace	Scottsdale, Arizona
Mean Girls	starring	Emma Thompson
Kantega	foundationPlace	Norway
Gro Harlem Brundtland	office	Norway
Platform Computing	foundationPlace	Toronto
Ed Wood (film)	starring	John Cusack
Nils Gustaf Dalén	award	Nobel Prize in Literature
Cole Porter	deathPlace	Santa Monica, California
Anwar Sadat	office	East Timor
Walther Bothe	award	Nobel Prize in Literature
Hafez al-Assad	office	Syria
Johnny Mercer	birthPlace	Oxford
Love Actually	starring	Johnny Depp
Michael Jackson	birthPlace	Gary, Indiana
Deryck Whibley	spouse	Avril Lavigne
Samuel Dalembert	team	Houston Rockets
Nazr Mohammed	team	Charlotte Bobcats
Edward Scissorhands	starring	Anthony Michael Hall
Lee Ryan	spouse	Jennifer Bassey
Anton Rop	office	Slovenia
Saul Bellow	award	Nobel Prize in Literature
Charles Édouard Guillaume	award	Nobel Prize in Literature
Heath Ledger	spouse	Brooke Kinsella
Lauri Ingman	office	Russia
A Hard Day's Night (film)	starring	George Harrison
The Right Stuff (film)	starring	Thandie Newton
Dell	foundationPlace	Helsinki
Cordwainer Smith	author	Norstrilia
Codemasters	foundationPlace	Ontario
John Wyndham	author	The Outward Urge
FrontRange Solutions	foundationPlace	Colorado Springs
John C. Wright	author	The Golden Age
Sarah Vaughan	deathPlace	Mumbai
Camp Rock	starring	Kevin Jonas
Love Actually	starring	Emma Thompson
Richard Jefferson	team	Washington Wizards
Cher	birthPlace	Chennai
The Aristocats	starring	Roddy Maude-Roxby
Miguel Primo de Rivera	office	Spain
John Diefenbaker	deathPlace	Philadelphia
Ernest Hemingway	deathPlace	Ketchum, Idaho
J. J. Redick	team	Denver Nuggets
Mary Pickford	deathPlace	Santa Monica, California
David Ferrer	birthPlace	Alicante
Jason Richardson	team	Phoenix Suns
Kill Bill	starring	John Lennon
Mike Miller (basketball player)	team	Washington Wizards
Baruch Spinoza	deathPlace	The Hague
The Aristocats	starring	Gary Dubin
Jan Peter Balkenende	office	United Kingdom
Novak Djokovic	birthPlace	Belgrade
Harry Turtledove	author	The Clan Corporate
Pär Lagerkvist	award	Nobel Prize in Literature
Anwar Sadat	office	Belgium
Dolly Parton	birthPlace	Syracuse, New York
Herbert Hoover	birthPlace	West Branch, Iowa
Philipp Lenard	award	Nobel Prize in Literature
Jude Law	spouse	John Enos III
EMeta	foundationPlace	New York City
Yahoo!	foundationPlace	Stanford University
Chris Kaman	team	Phoenix Suns
Stephen Baxter	author	Time's Eye
Pierre Curie	award	Nobel Prize in Physics
Mel Tormé	deathPlace	Los Angeles
Steve Blake	team	Denver Nuggets
Kevin Federline	spouse	Selvaraghavan
Spiceworks	foundationPlace	Austin
Ali Landry	spouse	Jill Halfpenny
MarkLogic	foundationPlace	Berkeley
Love Actually	starring	Fred Ward
Conway Twitty	deathPlace	Springfield, Missouri
Bob Dylan	birthPlace	Mumbai
Ronald Cheng	spouse	Charlene Choi
Paavo Lipponen	office	Finland
Keith Holyoake	office	Laos
Kiichi Miyazawa	office	Malta
Nuri as-Said	office	Iraq
William McKinley	birthPlace	West Branch, Iowa
Edward Bulwer-Lytton, 1st Baron Lytton	author	First Landing
Nazr Mohammed	team	Atlanta Hawks
James Callaghan	office	United Kingdom
E. E. Smith	author	Skylark DuQuesne
Art Technology Group	foundationPlace	Toronto
Seven (film)	starring	Morgan Freeman
Julius Nyerere	office	Tanganyika
Kylie Minogue	birthPlace	Concord, California
Borland	foundationPlace	Cupertino
Piers Anthony	author	Castle Roogna
Stephen King	author	Summon the Thunder
Ursula K. Le Guin	author	Alas, Babylon
George Carlin	deathPlace	Santa Monica, California
Julius Nyerere	office	Burma
V.S. Naipaul	award	Nobel Prize in Literature
Steve Blake	team	Dallas Mavericks
Shaun Livingston	team	Detroit Pistons
L. Sprague de Camp	author	The Continent Makers and Other Tales of the Viagens
Ray Bradbury	author	Fahrenheit 451
ESRI	foundationPlace	Shreveport
Stardock	foundationPlace	Madison
Eric Idle	author	Time's Eye
Zine El Abidine Ben Ali	office	Slovakia
Last Action Hero	starring	Robert Prosky
Carlos Boozer	team	Cleveland Cavaliers
Gottfried Wilhelm Leibniz	deathPlace	Rawalpindi
Emeka Okafor	team	Boston Celtics
Heath Ledger	spouse	Michelle Williams
Isaac Hayes	deathPlace	Memphis, Tennessee
John Brunner	author	The Outward Urge
Jacqueline Kennedy Onassis	deathPlace	New York City
Ghostbusters II	starring	Annie Potts
Ghostbusters II	starring	Sigourney Weaver
Borland	subsidiary	Digital Equipment Corporation
Hubert Humphrey	deathPlace	Waverly, Minnesota
Peter Wentz	spouse	Adam Kaufman
Mary Pickford	deathPlace	Miami
Harold Wilson	office	Palestinian National Authority
Jaroslav Seifert	award	Nobel Prize in Literature
Edward Scissorhands	starring	Johnny Depp
François Tombalbaye	office	Belgium
Zach Randolph	team	Charlotte Bobcats
Roscoe Arbuckle	deathPlace	Beverly Hills, California
Nick Zano	spouse	Ashlee Simpson-Wentz
Ray Panthaki	spouse	Brooke Kinsella
Enrico Fermi	award	Nobel Prize in Literature
Rudyard Kipling	birthPlace	Mumbai
John Wayne	birthPlace	Winterset, Iowa
Catherine Crook de Camp	author	The Golden Age
Gabriel Lippmann	award	Nobel Prize in Literature
Elton Brand	team	Detroit Pistons
James Stewart	deathPlace	Beverly Hills, California
Johannes Diderik van der Waals	award	Nobel Prize in Literature
Margaret Thatcher	office	Netherlands
Wilhelm Röntgen	award	Nobel Prize in Literature
Albert Einstein	award	Nobel Prize in Physiology or Medicine
John A. Macdonald	deathPlace	New York City
Bertrand Russell	award	Nobel Prize in Literature
Gerald Green	team	Minnesota Timberwolves
Frank Lloyd Wright	birthPlace	Motihari
Michael Jackson	deathPlace	Los Angeles
William Randolph Hearst	deathPlace	Beverly Hills, California
Kill Bill	starring	David Carradine
Philip José Farmer	author	Venus on the Half-Shell
Winston Churchill	award	Nobel Prize in Literature
Garth Nix	author	Skylark DuQuesne
Ed Wood (film)	starring	Monique Coleman
Howard Hughes	deathPlace	Houston
Ansys	foundationPlace	Prague
David Baltimore	award	Nobel Prize in Literature
Ben Gordon	team	Detroit Pistons
Michael Crichton	author	Footfall
Edward Scissorhands	starring	Arnold Schwarzenegger
Ed Wood (film)	starring	Bill Hader
Jerry Goldsmith	deathPlace	Charlottesville, Virginia
Shaun Livingston	team	Miami Heat
Camp Rock	starring	Jeff Anderson
George Zebrowski	author	Wasp
Frédéric Passy	award	Nobel Prize in Literature
Elsa Pataky	spouse	Halle Berry
Epic Systems	foundationPlace	Vancouver
Hendrik Lorentz	award	Nobel Prize in Literature
Tim Henman	birthPlace	Oxford
Adam Smith	deathPlace	Beverly Hills, California
Carmine Giovinazzo	spouse	Jamie Yeo
William S. Burroughs	deathPlace	Lawrence, Kansas
Alan E. Nourse	author	The Road to Mars
Symantec Corporation	subsidiary	Alexa Internet
Ludwig Wittgenstein	deathPlace	Cambridge
Mad Max	starring	Anna Maria Perez de Taglé
Kyle Korver	team	Sacramento Kings
Guglielmo Marconi	award	Nobel Prize in Literature
Kyle Korver	team	Utah Jazz
Walter Scott	birthPlace	Alicante
Simeon Saxe-Coburg-Gotha	office	Bulgaria
Ian Mahinmi	team	San Antonio Spurs
Arthur C. Clarke	author	Time's Eye
William Henry Bragg	award	Nobel Prize in Literature
Austin Powers: The Spy Who Shagged Me	starring	Rachel McAdams
Chris Evert	birthPlace	Fort Lauderdale, Florida
Robin Williams	birthPlace	Chicago
Godzilla (1998 film)	starring	Michael Lerner (actor)
Predator (film)	starring	Jesse Ventura
Mikuláš Dzurinda	office	Slovakia
Rogue Wave Software	foundationPlace	Bochum
Gabriel Aubry	spouse	Halle Berry
Rogue Wave Software	foundationPlace	Seattle
Elizabeth Taylor	deathPlace	New York City
Austin Powers: The Spy Who Shagged Me	starring	George Harrison
Charlie Villanueva	team	Toronto Raptors
Enrico Fermi	award	Nobel Prize in Physiology or Medicine
David Ferrer	birthPlace	Chicago
William McKinley	deathPlace	Hanover
Diether Ocampo	spouse	Owen Wilson
Willie Nelson	birthPlace	Prague
Charlton Heston	deathPlace	Beverly Hills, California
Oracle Corporation	subsidiary	Sleepycat Software
Metta World Peace	team	Los Angeles Lakers
Siim Kallas	office	Estonia
John William Strutt	award	Nobel Prize in Literature
EMC Corporation	subsidiary	Mozy
George Jones	deathPlace	New York City
Robert Andrews Millikan	award	Nobel Prize in Literature
Austin Powers: The Spy Who Shagged Me	starring	Rob Lowe
Last Action Hero	starring	Charles Dance
Joan Slonczewski	author	Blind Lake
Ayn Rand	author	The Great Train Robbery
Michael Crichton	author	The Great Train Robbery
Harry Harrison	author	Make Room! Make Room!
Johan Christian Fabricius	deathPlace	Kiel
Nuri as-Said	office	United Kingdom
Willem Drees	office	Netherlands
Jason Terry	team	Dallas Mavericks
Sōsuke Uno	office	Japan
Henry Fonda	deathPlace	Los Angeles
Ascend Communications	subsidiary	Stratus Technologies
John Kessel	author	Meeting in Infinity
LogiSense	foundationPlace	Ontario
Otis Redding	deathPlace	St Albans
Louis IX of France	deathPlace	New York City
Nadine Gordimer	award	Nobel Prize in Literature
Ronald Cheng	spouse	Charlene Choi
Sully Prudhomme	award	Nobel Prize in Physiology or Medicine
Pearl S. Buck	award	Nobel Prize in Literature
Benjamin Franklin	birthPlace	Sydney
Al Jefferson	team	New York Knicks
Hillary Rodham Clinton	birthPlace	Chicago
Gregory Benford	author	The Continent Makers and Other Tales of the Viagens
Eugene O'Neill	deathPlace	Boston
Felipe González	office	New Zealand
Wilhelm Röntgen	award	Nobel Prize in Literature
Willie Nelson	birthPlace	Boston
Margaret Thatcher	office	United Kingdom
Gerald Ford	deathPlace	Rancho Mirage, California
Ghostbusters II	starring	Dan Aykroyd
Tyson Chandler	team	New Orleans Hornets
Greg Egan	author	An Unusual Angle
Kwame Brown	team	Toronto Raptors
Oracle Corporation	subsidiary	AppForge
Gamal Abdel Nasser	office	Belarus
Roald Dahl	deathPlace	Chandler, Arizona
Gerald W. Page	author	The Fall of Hyperion
Émile Loubet	office	France
John Brunner	author	Strangers
High School Musical 2	starring	Corbin Bleu
Chauncey Billups	team	Denver Nuggets
QlikTech	foundationPlace	Mill Valley
Manuel Azaña	office	Spain
Mike Dunleavy, Jr.	team	Washington Wizards
Ahmed Ouyahia	office	Belgium
Kevin Garnett	team	Dallas Mavericks
Jomo Kenyatta	office	Kenya
Shane Battier	team	Portland Trail Blazers
Mean Girls	starring	Jasmine Richards
Kendrick Perkins	team	Boston Celtics
Luther Davis	spouse	Jennifer Bassey
Bryan Adams	birthPlace	Kingston, Ontario
Orhan Pamuk	award	Nobel Prize in Literature
Olaf Stapledon	author	Sirius
Elias Canetti	award	Nobel Prize in Literature
Kill Bill	starring	Michael Madsen
SNP Schneider-Neureither & Partner AG	foundationPlace	Heidelberg
Josip Broz Tito	office	Japan
Vernor Vinge	author	Back in the USSA
A Hard Day's Night (film)	starring	Jesse Ventura
Clark Gable	deathPlace	West Hollywood, California
Herbert Hoover	birthPlace	Yokohama
Edgar Rice Burroughs	author	The Gods of Mars
George Zebrowski	author	Macrolife
Edward Scissorhands	starring	Victor Spinetti
Golda Meir	office	Ghana
Robert F. Kennedy	deathPlace	Potsdam
Attachmate	foundationPlace	Seattle
T. S. Eliot	award	Nobel Prize in Literature
Jason Richardson	team	Golden State Warriors
John Barnes	author	K-PAX
Cecil Rhodes	office	Cape Colony
Intec Telecom Systems	foundationPlace	Berkeley
Hosni Mubarak	office	Egypt
Beyoncé Knowles	birthPlace	Vallejo, California
Dr. Dre	birthPlace	The Hague
Joaquim Rafael Branco	office	Finland
Love Actually	starring	Bill Murray
Catherine Crook de Camp	author	Footprints on Sand
Tony Rothman	author	Roderick
Love Actually	starring	Dennis Quaid
Shane Battier	team	Memphis Grizzlies
Autodesk	foundationPlace	Mill Valley
Immanuel Kant	birthPlace	Königsberg
Ginger Rogers	deathPlace	Rancho Mirage, California
Gerald Green	team	Portland Trail Blazers
Ernest Hemingway	award	Nobel Prize in Literature
Anders Fogh Rasmussen	office	Denmark
LeBron James	birthPlace	Akron, Ohio
Tennessee Williams	deathPlace	New York City
China Miéville	author	The Scar
George Papandreou	office	Greece
Helmi Technologies	foundationPlace	Sunnyvale
Pierre Curie	award	Nobel Prize in Literature
Om Shanti Om	starring	Vivica A. Fox
Superbad (film)	starring	Brian O'Halloran
José Echegaray	award	Nobel Prize in Literature
Frank Herbert	author	An Unusual Angle
Kevin Federline	spouse	Karen Elson
Isaac Bashevis Singer	award	Nobel Prize in Literature
Dean Martin	deathPlace	Beverly Hills, California
Steve Blake	team	Washington Wizards
Blake Lively	spouse	Gaile Lok
Gabriel García Márquez	award	Nobel Prize in Literature
Zach Randolph	team	Phoenix Suns
Pegasus Software	foundationPlace	Troy
Hermann Hesse	award	Nobel Prize in Literature
Chandrika Kumaratunga	office	Canada
Jamal Crawford	team	Golden State Warriors
Charles Maurice de Talleyrand-Périgord	office	United Kingdom
Antoine Henri Becquerel	award	Nobel Prize in Literature
Vernor Vinge	author	A Deepness in the Sky
Khamtai Siphandon	office	Laos
Rasheed Wallace	team	New York Knicks
Metta World Peace	team	Sacramento Kings
Virginia DeMarce	author	1634: The Ram Rebellion
Rolandas Paksas	office	Lithuania
Ursula K. Le Guin	author	The Left Hand of Darkness
Intergraph	foundationPlace	Madison
Max Planck	award	Nobel Prize in Physics
Comarch	foundationPlace	Kraków
Siemens	subsidiary	Acuson
Siebel Systems	foundationPlace	California
The Aristocats	starring	Harold Ramis
Benjamin Harrison	deathPlace	Philadelphia
Väinö Tanner	office	Finland
James K. Polk	deathPlace	Nashville, Tennessee
Raymond Felton	team	Oklahoma City Thunder
A Hard Day's Night (film)	starring	Norman Rossington
Venus Williams	birthPlace	Newark, New Jersey
Peter F. Hamilton	author	The Courtship of Princess Leia
Seven (film)	starring	Rob Lowe
John Boyd	author	The Last Starship from Earth
James Buchanan	deathPlace	Rancho Mirage, California
Gene Wolfe	author	Nameless Places
Bjørnstjerne Bjørnson	award	Nobel Prize in Literature
Nelson Rockefeller	deathPlace	New York City
Clerks	starring	Brian O'Halloran
JustSystems	foundationPlace	Tokushima
Love Actually	starring	Bill Nighy
Novell	foundationPlace	Austin
Jamal Crawford	team	Portland Trail Blazers
Predator (film)	starring	Joanne Samuel
Kamal Haasan	birthPlace	Sevierville, Tennessee
Electronic Arts	subsidiary	Maxis
Eric Frank Russell	author	Wasp
John Thomas Sladek	author	Roderick
NetQoS	foundationPlace	Austin
Monica Seles	birthPlace	Los Angeles
Stephen Harper	birthPlace	Minsk
David Nalbandian	birthPlace	Hoboken, New Jersey
Verisign	subsidiary	iVillage
Harry Harrison	author	The Jesus Incident
Alan E. Nourse	author	The Bladerunner
Mad Max	starring	Veronica Cartwright
Rihanna	spouse	Hannah Waterman
Julius Axelrod	award	Nobel Prize in Physiology or Medicine
Hermann Göring	deathPlace	West Hollywood, California
Arthur C. Clarke	deathPlace	Ketchum, Idaho
Radek Štěpánek	birthPlace	Karviná
Philipp Lenard	award	Nobel Prize in Physics
Blake Lively	spouse	Brooke Mueller
Paavo Lipponen	office	Spain
Woodrow Wilson	birthPlace	Eindhoven
Lauri Ingman	office	Ukraine
John William Strutt	award	Nobel Prize in Literature
Osachi Hamaguchi	office	France
Jacques Santer	office	Malaysia
Judy Garland	birthPlace	Grand Rapids, Minnesota
Strategy First	foundationPlace	Coimbra
Samuel Dalembert	team	Philadelphia 76ers
Jeff Gordon	birthPlace	Vallejo, California
Austin Powers: The Spy Who Shagged Me	starring	Steve Bisley
Serena Williams	birthPlace	Saginaw, Michigan
William McKinley	deathPlace	Santa Monica, California
A Hard Day's Night (film)	starring	Kevin Jonas
Calvin Coolidge	deathPlace	Santa Barbara, California
Gregory Benford	author	Across the Sea of Suns
Channing Frye	team	Portland Trail Blazers
John F. Kennedy	deathPlace	New York City
Gottfried Wilhelm Leibniz	deathPlace	Hanover
Walter Scott	birthPlace	Santa Barbara, California
Lester B. Pearson	deathPlace	Boston
Kill Bill	starring	Vivica A. Fox
High School Musical 2	starring	Hank Azaria
Robert Andrews Millikan	award	Nobel Prize in Literature
2012 (film)	starring	Thandie Newton
François Tombalbaye	office	Chad
Mari Alkatiri	office	East Timor
Austin Powers: The Spy Who Shagged Me	starring	Seth Green
Mikhail Kasyanov	office	Syria
Anneli Jäätteenmäki	office	Finland
Richard Jefferson	team	Atlanta Hawks
Todd Woodbridge	birthPlace	Sydney
Shogo	spouse	Nas
Robert Borden	office	Estonia
Sivaji Ganesan	deathPlace	Chennai
IBM	subsidiary	Sequent Computer Systems
David Baltimore	award	Nobel Prize in Physiology or Medicine
Lucille Ball	deathPlace	Los Angeles
Ed Wood (film)	starring	Martin Landau
Camp Rock	starring	Sigourney Weaver
Fritz Leiber	author	The Last Starship from Earth
Jonathan Swift	deathPlace	Lawrence, Kansas
Richard K. Morgan	author	Broken Angels
Ed Wood (film)	starring	Ringo Starr
Harry S. Truman	deathPlace	Branson, Missouri
Jason Maxiell	team	Washington Wizards
Oracle Corporation	subsidiary	Right Media
Steve McFadden	spouse	Delta Goodrem
Paul-Émile Janson	office	Belgium
Anna Torv	spouse	Alki David
Joseph Brodsky	award	Nobel Prize in Literature
Love Actually	starring	Rowan Atkinson
Mikuláš Dzurinda	office	Iraq
Francisco Franco	office	Spain
Anatole France	award	Nobel Prize in Physics
Raymond Felton	team	Charlotte Bobcats
Mammootty	birthPlace	Pittsburgh
Oracle Corporation	subsidiary	Siebel Systems
Gamal Abdel Nasser	deathPlace	Los Angeles
Stephen Dunham	spouse	Alexondra Lee
William Jennings Bryan	deathPlace	Dayton, Tennessee
Kyle Korver	team	New Orleans Hornets
Henry Wadsworth Longfellow	deathPlace	Colombo
Applied Minds	foundationPlace	Stanford University
